"id","instrument_calibrationDate","instrument_calibrationReport","instrument_calibrationSerial_id","instrument_calibrationDateNotes","instrument_calibrationReportNotes"
"1","2016-05-07","""GPCTD_0186_20160505_P.pdf, GPCTD_0186_20160507_C.pdf, GPCTD_0186_20160507_T.pdf""","1","conductivity and temperature document","mergedFile"
"2","2018-12-05","""GPCTD_0186_20181113_P.pdf, GPCTD_0186_20181205_C.pdf, GPCTD_0186_20181205_T.pdf""","1","conductivity and temperature document","directory"
"3","2019-07-26","""GPCTD_0186_20190725_P.pdf, GPCTD_0186_20190726_C.pdf, GPCTD_0186_20190726_T.pdf""","1","conductivity and temperature document","directory"
"4","2020-11-27","""GPCTD_0186_20201020_P.pdf, GPCTD_0186_20201024_C_postCruise.pdf, GPCTD_0186_20201024_T_postCruise.pdf, GPCTD_0186_20201127_C.pdf, GPCTD_0186_20201127_T.pdf""","1","conductivity and temperature document","directory"
"5","2022-04-19","""GPCTD_0186_20220414_P_neverUsed.pdf, GPCTD_0186_20220417_C_neverUsed.pdf, GPCTD_0186_20220417_T_neverUsed.pdf""","1","conductivity and temperature document","directory"
"6","2016-04-21","""43F_3338_20160421_SOCAdjusted.pdf""","2","oxygen sensor page","mergedFile"
"7","2018-12-19","""43F_3338_20181219.pdf, 43F_3338_20181219_SOCAdjusted.pdf""","2","file name (not SOCAdjusted)","directory"
"8","2019-07-25","""43F_3338_20190725_postCruise.pdf, 43F_3338_20190725_SOCAdjusted.pdf""","2","file name (not SOCAdjusted)","directory"
"9","2021-02-06","""43F_3338_20210206.pdf, 43F_3338_20210206_SOCAdjusted.pdf""","2","file name (not SOCAdjusted)","directory"
"10","2022-04-27","""43F_3338_20220427_neverUsed.pdf, 43F_3338_20220427_SOCAdjusted_neverUsed.pdf""","2","file name (not SOCAdjusted)","directory"
"11","2016-11-17","""FLBBCD_4551_20161117.pdf""","3","SLC testing certification page","singleFile"
"12","2020-07-29","""LEGATO_205045_20200729.pdf""","4","conductivity cell page","singleFile"
"13","2016-05-01","""GPCTD_0184_20160429_P.pdf, GPCTD_0184_20160501_C.pdf, GPCTD_0184_20160501_T.pdf""","5","conductivity and temperature document","mergedFile"
"14","2018-07-29","""GPCTD_0184_20180723_P.pdf, GPCTD_0184_20180729_C.pdf, GPCTD_0184_20180729_T.pdf""","5","conductivity and temperature document","directory"
"15","2019-12-29","""GPCTD_0184_20191203_P.pdf, GPCTD_0184_20191229_C.pdf, GPCTD_0184_20191229_T.pdf""","5","conductivity and temperature document","directory"
"16","2022-02-10","""GPCTD_0184_20220203_P.pdf, GPCTD_0184_20220210_C.pdf, GPCTD_0184_20220210_T.pdf""","5","conductivity and temperature document","directory"
"17","2016-04-22","""43F_3336_20160422_SOCAdjusted.pdf""","6","oxygen sensor page","mergedFile"
"18","2018-08-18","""43F_3336_20180818.pdf, 43F_3336_20180818_SOCAdjusted.pdf""","6","file name (not SOCAdjusted)","directory"
"19","2019-12-20","""43F_3336_20191220.pdf, 43F_3336_20191220_SOCAdjusted.pdf""","6","file name (not SOCAdjusted)","directory"
"20","2022-02-21","""43F_3336_20220201.pdf, 43F_3336_20220201_SOCAdjusted.pdf""","6","file name (not SOCAdjusted)","directory"
"21","2016-12-07","""FLBBCD_4548_20161207.pdf""","7","SLC testing certification page","singleFile"
"22","2016-03-09","""GPCTD_0175_20160307_P.pdf, GPCTD_0175_20160309_C.pdf, GPCTD_0175_20160309_T.pdf""","8","conductivity and temperature document","mergedFile"
"23","2019-03-31","""GPCTD_0175_20190129_P.pdf, GPCTD_0175_20190331_C.pdf, GPCTD_0175_20190331_T.pdf""","8","conductivity and temperature document","directory"
"24","2021-01-14","""GPCTD_0175_20201105_P_neverUsed.pdf, GPCTD_0175_20201112_C_postCruise.pdf, GPCTD_0175_20201112_T_postCruise.pdf, GPCTD_0175_20210101_C_neverUsed.pdf, GPCTD_0175_20210101_T_neverUsed.pdf""","8","conductivity and temperature document","directory"
"25","2022-02-19","""GPCTD_0175_20220209_P.pdf, GPCTD_0175_20220215_C_postCruise.pdf, GPCTD_0175_20220215_T_postCruise.pdf, GPCTD_0175_20220219_C.pdf, GPCTD_0175_20220219_T.pdf""","8","conductivity and temperature document","directory"
"26","2016-01-30","""43F_3276_20160130_SOCAdjusted.pdf""","9","oxygen sensor page","mergedFile"
"27","2019-03-12","""43F_3276_20190312.pdf, 43F_3276_20190312_SOCAdjusted.pdf""","9","file name (not SOCAdjusted)","directory"
"28","2021-02-24","""43F_3276_20210224_neverUsed.pdf, 43F_3276_20210224_SOCAdjusted_neverUsed.pdf""","9","file name (not SOCAdjusted)","directory"
"29","2021-12-22","""43F_3276_20211222.pdf, 43F_3276_20211222_SOCAdjusted.pdf""","9","file name (not SOCAdjusted)","directory"
"30","2016-12-19","""FLBBCD_4546_20161219.pdf""","10","SLC testing certification page","singleFile"
"31","2016-05-07","""GPCTD_0188_20160505_P.pdf, GPCTD_0188_20160507_C.pdf, GPCTD_0188_20160507_T.pdf""","11","conductivity and temperature document","mergedFile"
"32","2018-07-26","""GPCTD_0188_20180723_P.pdf, GPCTD_0188_20180726_C.pdf, GPCTD_0188_20180726_T.pdf""","11","conductivity and temperature document","directory"
"33","2019-07-30","""GPCTD_0188_20190725_P.pdf, GPCTD_0188_20190730_C.pdf, GPCTD_0188_20190730_T.pdf""","11","conductivity and temperature document","directory"
"34","2020-12-30","""GPCTD_0188_20201020_P.pdf, GPCTD_0188_20201024_C_postCruise.pdf, GPCTD_0188_20201024_T_postCruise.pdf, GPCTD_0188_20201230_C.pdf, GPCTD_0188_20201230_T.pdf""","11","conductivity and temperature document","directory"
"35","2016-04-20","""43F_3365_20160420_SOCAdjusted.pdf""","12","file name (not SOCAdjusted)","mergedFile"
"36","2018-08-14","""43F_3365_20180814.pdf, 43F_3365_20180814_SOCadjusted.pdf""","12","file name (not SOCAdjusted)","directory"
"37","2019-08-18","""43F_3365_20190818.pdf, 43F_3365_20190818_SOCAdjusted.pdf""","12","file name (not SOCAdjusted)","directory"
"38","2021-01-05","""43F_3365_20201016_postCruise.pdf, 43F_3365_20210105.pdf, 43F_3365_20210105_SOCAdjusted.pdf, 43F_3365_20221105_postCruise.pdf""","12","file name (not SOCAdjusted)","directory"
"39","2016-12-07","""FLBBCD_4550_20161207.pdf""","13","SLC testing certification page","singleFile"
"40","2017-11-02","""GPCTD_0241_20171020_P.pdf, GPCTD_0241_20171102_C.pdf, GPCTD_0241_20171102_T.pdf""","14","conductivity and temperature document","mergedFile"
"41","2019-12-29","""GPCTD_0241_20191203_P.pdf, GPCTD_0241_20191229_C.pdf, GPCTD_0241_20191229_T.pdf""","14","conductivity and temperature document","directory"
"42","2022-01-13","""GPCTD_0241_20211216_P.pdf, GPCTD_0241_20211221_C_postCruise.pdf, GPCTD_0241_20211221_T_postCruise.pdf, GPCTD_0241_20220113_C.pdf, GPCTD_0241_20220113_T.pdf""","14","conductivity and temperature document","directory"
"43","2017-11-03","""AROD_FT_0020_20171103.pdf""","16","oxygen sensor page","singleFile"
"44","2020-01-22","""AROD_FT_0020_20200122.pdf""","16","oxygen sensor page","singleFile"
"45","2020-03-16","""MFLUV1_7_20200316.pdf""","17","main page, conflicts with GliderMissions.xlxs","singleFile"
"46","2017-05-04","""FLBBCD_4739_20170504.pdf""","15","SLC testing certification page","singleFile"
"47","2023-02-26","""SEA024_CTD_DO_calib_files_SN0188_2023""","11","temperature sensor document","directory"
"48","2023-01-21","""SEA024_CTD_DO_calib_files_SN0188_2023""","12","SOCadjusted document","directory"
"49","2023-01-09","""20230321101943333.pdf""","18","document not in original platform directory","singleFile"
"50","2020-11-25","""RINKO_inHouseCal""","16","row labelled as Calibration","spreadsheet"
"51","2022-02-05","""SEA032_RINKO_calib_files_SN0020_2022""","16","oxygen sensor page","singleFile"
"52","2024-04-28","""GPCTD_0186_20231129_P_Post Cruise.pdf, GPCTD_0186_20231201_C_Post Cruise.pdf, GPCTD_0186_20231201_T_Post Cruise.pdf, GPCTD_0186_20240428_C.pdf, GPCTD_0186_20240428_T.pdf""","1","nan","nan"
"53","2024-04-24","""43F_3338_20231010_postCruise.pdf, 43F_3338_20240127.pdf, 43F_3338_20240424.pdf, 43F_3338_20240424_SOCAdjusted.pdf""","2","nan","nan"
"54","2023-10-11","""GPCTD_0175_20231004_P.pdf, GPCTD_0175_20231011_C.pdf, GPCTD_0175_20231011_T.pdf""","8","nan","nan"
"55","2023-09-29","""43F_3276_20230929_postCruise.pdf, 43F_3276_20230929_SOCAjusted.pdf""","9","nan","nan"
"56","2024-05-10","""43F_3276_20240510.pdf, 43F_3276_20240510_SOCAdjusted.pdf""","9","nan","nan"
"57","2024-01-17","""GPCTD_0188_20231004_P.pdf, GPCTD_0188_20231004_P_postCruise.pdf, GPCTD_0188_20231024_C_postCruise.pdf, GPCTD_0188_20231024_T_postCruise.pdf, GPCTD_0188_20240117_C.pdf, GPCTD_0188_20240117_T.pdf""","11","nan","nan"
"58","2024-01-31","""43F_3365_20240131.pdf""","12","nan","nan"
"59","2024-01-19","""GPCTD_0241_20231103_P.pdf, GPCTD_0241_20231109_C_Post Cruise.pdf, GPCTD_0241_20231109_T_Post Cruise.pdf, GPCTD_0241_20240119_C.pdf, GPCTD_0241_20240119_T.pdf""","14","nan","nan"
"60","2023-12-16","""AROD_FT_0020_20231216.pdf, AROD_FT_0020_20231216_report.pdf""","16","nan","nan"
"61","2022-04-27","""LEGATO_210185_20220427_neverUsedHadMoneyToSpend.pdf""","18","nan","nan"
"62","2023-09-06","""LEGATO_210185_20230906.pdf""","18","nan","nan"
"63","2023-11-15","""LEGATO_210185_20231115.pdf""","18","nan","nan"